Workbook

Sheet Cleaned Data
A1: OrderID | B1: Date | C1: CustomerID | D1: Product | E1: Quantity | F1: UnitPrice | G1: ShippingAddress | H1: PaymentMethod | I1: OrderStatus | J1: TrackingNumber | K1: ItemsInCart | L1: CouponCode | M1: ReferralSource | N1: TotalPrice | O1: Outlier flag(unit price) | P1: outlier flag(total price)
A2: ORD200000 | B2: 44930 | C2: C72649 | D2: Monitor | E2: 5 | F2: 570.62 | G2: 928 Main St | H2: Debit Card | I2: Shipped | J2: TRK37947903 | K2: 7 | L2: SAVE10 | M2: Instagram | N2: 2853.1 | O2: =IF(OR(F2<'EDA Analysis'!$B$22,F2>'EDA Analysis'!$B$23),"OUTLIER","Normal") -> Normal | P2: =IF(OR(N2<'EDA Analysis'!$E$6,N2>'EDA Analysis'!$E$7),"OUTLIER","Normal") -> Normal
A3: ORD200001 | B3: 45527 | C3: C75739 | D3: Phone | E3: 2 | F3: 151.35 | G3: 823 Main St | H3: Online | I3: Shipped | J3: TRK91186779 | K3: 3 | L3: SAVE10 | M3: Referral | N3: 302.7 | O3: =IF(OR(F3<'EDA Analysis'!$B$22,F3>'EDA Analysis'!$B$23),"OUTLIER","Normal") -> Normal | P3: =IF(OR(N3<'EDA Analysis'!$E$6,N3>'EDA Analysis'!$E$7),"OUTLIER","Normal") -> Normal
A4: ORD200002 | B4: 45349 | C4: C81728 | D4: Tablet | E4: 5 | F4: 550.68 | G4: 512 Main St | H4: Credit Card | I4: Cancelled | J4: TRK42903982 | K4: 8 | L4: FREESHIP | M4: Email | N4: 2753.4 | O4: =IF(OR(F4<'EDA Analysis'!$B$22,F4>'EDA Analysis'!$B$23),"OUTLIER","Normal") -> Normal | P4: =IF(OR(N4<'EDA Analysis'!$E$6,N4>'EDA Analysis'!$E$7),"OUTLIER","Normal") -> Normal
A5: ORD200003 | B5: 45214 | C5: C33540 | D5: Chair | E5: 1 | F5: 273.19 | G5: 275 Main St | H5: Debit Card | I5: Returned | J5: TRK62788070 | K5: 5 | L5: SAVE10 | M5: Facebook | N5: 273.19 | O5: =IF(OR(F5<'EDA Analysis'!$B$22,F5>'EDA Analysis'!$B$23),"OUTLIER","Normal") -> Normal | P5: =IF(OR(N5<'EDA Analysis'!$E$6,N5>'EDA Analysis'!$E$7),"OUTLIER","Normal") -> Normal
A6: ORD200004 | B6: 45785 | C6: C81840 | D6: Printer | E6: 4 | F6: 626.01 | G6: 668 Main St | H6: Online | I6: Delivered | J6: TRK29241424 | K6: 8 | L6: SAVE10 | M6: Email | N6: 2504.04 | O6: =IF(OR(F6<'EDA Analysis'!$B$22,F6>'EDA Analysis'!$B$23),"OUTLIER","Normal") -> Normal | P6: =IF(OR(N6<'EDA Analysis'!$E$6,N6>'EDA Analysis'!$E$7),"OUTLIER","Normal") -> Normal
A7: ORD200005 | B7: 45222 | C7: C37249 | D7: Phone | E7: 2 | F7: 245.86 | G7: 934 Main St | H7: Credit Card | I7: Shipped | J7: TRK72976927 | K7: 4 | L7: SAVE10 | M7: Instagram | N7: 491.72 | O7: =IF(OR(F7<'EDA Analysis'!$B$22,F7>'EDA Analysis'!$B$23),"OUTLIER","Normal") -> Normal | P7: =IF(OR(N7<'EDA Analysis'!$E$6,N7>'EDA Analysis'!$E$7),"OUTLIER","Normal") -> Normal
A8: ORD200006 | B8: 45825 | C8: C83492 | D8: Laptop | E8: 1 | F8: 664.42 | G8: 986 Main St | H8: Gift Card | I8: Returned | J8: TRK96417362 | K8: 6 | L8: SAVE10 | M8: Facebook | N8: 664.42 | O8: =IF(OR(F8<'EDA Analysis'!$B$22,F8>'EDA Analysis'!$B$23),"OUTLIER","Normal") -> Normal | P8: =IF(OR(N8<'EDA Analysis'!$E$6,N8>'EDA Analysis'!$E$7),"OUTLIER","Normal") -> Normal
A9: ORD200007 | B9: 45058 | C9: C41460 | D9: Monitor | E9: 5 | F9: 149.55 | G9: 706 Main St | H9: Cash | I9: Shipped | J9: TRK78809193 | K9: 9 | L9: FREESHIP | M9: Facebook | N9: 747.75 | O9: =IF(OR(F9<'EDA Analysis'!$B$22,F9>'EDA Analysis'!$B$23),"OUTLIER","Normal") -> Normal | P9: =IF(OR(N9<'EDA Analysis'!$E$6,N9>'EDA Analysis'!$E$7),"OUTLIER","Normal") -> Normal
A10: ORD200008 | B10: 45749 | C10: C26817 | D10: Phone | E10: 2 | F10: 134.28 | G10: 904 Main St | H10: Gift Card | I10: Cancelled | J10: TRK61042692 | K10: 2 | L10: NO COUPON | M10: Email | N10: 268.56 | O10: =IF(OR(F10<'EDA Analysis'!$B$22,F10>'EDA Analysis'!$B$23),"OUTLIER","Normal") -> Normal | P10: =IF(OR(N10<'EDA Analysis'!$E$6,N10>'EDA Analysis'!$E$7),"OUTLIER","Normal") -> Normal
A11: ORD200009 | B11: 45251 | C11: C31946 | D11: Desk | E11: 4 | F11: 509.38 | G11: 102 Main St | H11: Credit Card | I11: Shipped | J11: TRK33478363 | K11: 6 | L11: SAVE10 | M11: Google | N11: 2037.52 | O11: =IF(OR(F11<'EDA Analysis'!$B$22,F11>'EDA Analysis'!$B$23),"OUTLIER","Normal") -> Normal | P11: =IF(OR(N11<'EDA Analysis'!$E$6,N11>'EDA Analysis'!$E$7),"OUTLIER","Normal") -> Normal
A12: ORD200010 | B12: 45289 | C12: C43443 | D12: Tablet | E12: 5 | F12: 625.97 | G12: 333 Main St | H12: Credit Card | I12: Returned | J12: TRK98859248 | K12: 9 | L12: WINTER15 | M12: Instagram | N12: 3129.85 | O12: =IF(OR(F12<'EDA Analysis'!$B$22,F12>'EDA Analysis'!$B$23),"OUTLIER","Normal") -> Normal | P12: =IF(OR(N12<'EDA Analysis'!$E$6,N12>'EDA Analysis'!$E$7),"OUTLIER","Normal") -> Normal
A13: ORD200011 | B13: 45339 | C13: C93861 | D13: Monitor | E13: 3 | F13: 49.14 | G13: 831 Main St | H13: Online | I13: Returned | J13: TRK48234646 | K13: 7 | L13: SAVE10 | M13: Email | N13: 147.42 | O13: =IF(OR(F13<'EDA Analysis'!$B$22,F13>'EDA Analysis'!$B$23),"OUTLIER","Normal") -> Normal | P13: =IF(OR(N13<'EDA Analysis'!$E$6,N13>'EDA Analysis'!$E$7),"OUTLIER","Normal") -> Normal
... A1201: ORD201199 | B1201: 45088 | C1201: C57502 | D1201: Tablet | E1201: 4 | F1201: 560.58 | G1201: 201 Main St | H1201: Gift Card | I1201: Returned | J1201: TRK51116746 | K1201: 6 | L1201: SAVE10 | M1201: Referral | N1201: 2242.32 | O1201: =IF(OR(F1201<'EDA Analysis'!$B$22,F1201>'EDA Analysis'!$B$23),"OUTLIER","Normal") -> Normal | P1201: =IF(OR(N1201<'EDA Analysis'!$E$6,N1201>'EDA Analysis'!$E$7),"OUTLIER","Normal") -> Normal

Sheet EDA Analysis
A2: Mean Unit price | B2: =AVERAGE('Cleaned Data'!F2:F1201) -> 356.41275 | C2: Median is higher than mean | D2: IQR for Total price | G2: # 1,200 Total Dataset Analyzed | L2: « INSTAGRAM TOP ACQUISITION CHANNEL
A3: Median Unit Price | B3: =MEDIAN('Cleaned Data'!F2:F1201) -> 364.21 | D3: Q1 Total Price | E3: =QUARTILE('Cleaned Data'!N2:N1201,1) -> 410.52
A4: Count of Orders | B4: =COUNT('Cleaned Data'!F2:F1201) -> 1200 | D4: Q3 Total price | E4: =QUARTILE('Cleaned Data'!N2:N1202,3) -> 1578.475
A5: Minimun Price | B5: =MIN('Cleaned Data'!F2:F1201) -> 11.39 | D5: IQR | E5: =E4-E3 -> 1167.955
A6: Maximum Price | B6: =MAX('Cleaned Data'!F2:F1201) -> 699.93 | D6: Lower boundary | E6: =E3-(1.5*E5) -> -1341.4125
D7: Upper boundary | E7: =E4+(1.5*E5) -> 3330.4075
A8: Shipped orders | B8: =COUNTIF('Cleaned Data'!I2:I1201,"Shipped") -> 235 | D8: Total outliers found | E8: =COUNTIF('Cleaned Data'!P2:P1201,"OUTLIER") -> 8 | G8: x 20.8% CANCELLATION RATE | L8: ~ JUNE PEAK SALES MONTH
A9: Delivered orders | B9: =COUNTIF('Cleaned Data'!I2:I1201,"Delivered") -> 231 | D9: Total Normal orders | E9: =COUNTIF('Cleaned Data'!P2:P1201,"Normal") -> 1192
A10: Cancelled orders | B10: =COUNTIF('Cleaned Data'!I2:I1201,"Cancelled") -> 250
A11: Returned orders | B11: =COUNTIF('Cleaned Data'!I2:I1201,"Returned") -> 247
A13: Mean order value | B13: =AVERAGE('Cleaned Data'!N2:N1201) -> 1053.9683 | C13: Mean is above Median
A14: Median order value | B14: =MEDIAN('Cleaned Data'!N2:N1201) -> 823.615 | G14: ◄ 20.6% RETURN RATE | L14: $ ONLINE MOST USED PAYMNENT METHOD
A15: minimun order value | B15: =MIN('Cleaned Data'!N2:N1201) -> 11.39
A16: Maximum order value | B16: =MAX('Cleaned Data'!N2:N12001) -> 3456.4
A18: IQR for Unit price
A19: Q1 Unit Price | B19: =QUARTILE('Cleaned Data'!F2:F1201,1) -> 186.0625
A20: Q3 Unit Price | B20: =QUARTILE('Cleaned Data'!F2:F1202,3) -> 521.57 | G20: * CHAIRS BEST SELLING PRODUCT | L20: $ 823.62 MEDIAN ORDER VALUE
A21: IQR | B21: =B20-B19 -> 335.5075
A22: Lower boundary | B22: =B19-(1.5*B21) -> -317.19875
A23: Upper Boundary | B23: =B20+(1.5*B21) -> 1024.8312
A24: Total outliers found | B24: =COUNTIF('Cleaned Data'!O2:O1201,"OUTLIER") -> 0
A25: Total normal orders | B25: =COUNTIF('Cleaned Data'!O2:O1201,"Normal") -> 1200

Sheet Charts Dashboard

Sheet Sheet4
A1: Row Labels | B1: Sum of Quantity | D1: Row Labels | E1: Count of OrderID | G1: Row Labels | H1: Count of OrderID
A2: Chair | B2: 562 | D2: Cancelled | E2: 250 | G2: Cash | H2: 246
A3: Desk | B3: 508 | D3: Delivered | E3: 231 | G3: Credit Card | H3: 234
A4: Laptop | B4: 535 | D4: Pending | E4: 237 | G4: Debit Card | H4: 232
A5: Monitor | B5: 480 | D5: Returned | E5: 247 | G5: Gift Card | H5: 230
A6: Phone | B6: 411 | D6: Shipped | E6: 235 | G6: Online | H6: 258
A7: Printer | B7: 542 | D7: Grand Total | E7: 1200 | G7: Grand Total | H7: 1200
A8: Tablet | B8: 497
A9: Grand Total | B9: 3535
G10: Row Labels | H10: Sum of TotalPrice
A11: Row Labels | B11: Count of CustomerID | D11: Row Labels | E11: Sum of TotalPrice | G11: Chair | H11: 195620.11
A12: Email | B12: 250 | D12: Jan | E12: 124313.23 | G12: Desk | H12: 167459.93
A13: Facebook | B13: 228 | D13: Feb | E13: 112344.78 | G13: Laptop | H13: 192126.56
A14: Google | B14: 241 | D14: Mar | E14: 123840.93 | G14: Monitor | H14: 175651.41
A15: Instagram | B15: 259 | D15: Apr | E15: 109186.05 | G15: Phone | H15: 151722.39
A16: Referral | B16: 222 | D16: May | E16: 135142.59 | G16: Printer | H16: 195612.61
A17: Grand Total | B17: 1200 | D17: Jun | E17: 170616.13 | G17: Tablet | H17: 186568.95
D18: Jul | E18: 85784.64 | G18: Grand Total | H18: 1264762
D19: Aug | E19: 86343.21
D20: Sep | E20: 69321.65
D21: Oct | E21: 89834.82
D22: Nov | E22: 75493.43
D23: Dec | E23: 82540.5
D24: Grand Total | E24: 1264762
